5.410000000000000000e+02,8.580000000000000000e+02,8.590000000000000000e+02,9.988358556461001125e-01,6.128350115074798623e+02
9.480000000000000000e+02,8.640000000000000000e+02,8.650000000000000000e+02,9.988439306358380954e-01,6.166079206497520317e+02
6.310000000000000000e+02,9.630000000000000000e+02,9.640000000000000000e+02,9.989626556016597547e-01,1.276396093326098708e+03
1.197000000000000000e+03,8.830000000000000000e+02,8.840000000000000000e+02,9.988687782805429904e-01,1.085060109668910854e+03
9.730000000000000000e+02,8.960000000000000000e+02,8.970000000000000000e+02,9.988851727982163142e-01,1.365535041716329033e+03
1.387000000000000000e+03,6.110000000000000000e+02,6.120000000000000000e+02,9.983660130718954306e-01,1.386490454501405111e+03
5.770000000000000000e+02,8.210000000000000000e+02,8.220000000000000000e+02,9.987834549878344959e-01,1.157982152342505060e+03
5.520000000000000000e+02,7.760000000000000000e+02,7.770000000000000000e+02,9.987129987129986786e-01,1.412036211340206137e+03
2.163000000000000000e+03,9.190000000000000000e+02,9.200000000000000000e+02,9.989130434782608203e-01,1.823655857653612657e+03
5.700000000000000000e+02,8.770000000000000000e+02,8.780000000000000000e+02,9.988610478359908340e-01,1.509650843644544466e+03
5.530000000000000000e+02,8.780000000000000000e+02,8.790000000000000000e+02,9.988623435722411292e-01,1.630386757425742644e+03
8.110000000000000000e+02,8.860000000000000000e+02,8.870000000000000000e+02,9.988726042841037378e-01,1.724078854254422822e+03
1.122000000000000000e+03,6.300000000000000000e+02,6.310000000000000000e+02,9.984152139461173192e-01,1.516670664928292126e+03
7.200000000000000000e+02,5.000000000000000000e+02,5.010000000000000000e+02,9.980039920159680111e-01,1.586983904173685232e+03
1.321000000000000000e+03,9.040000000000000000e+02,9.050000000000000000e+02,9.988950276243093729e-01,1.414316550073637700e+03
5.760000000000000000e+02,4.680000000000000000e+02,4.690000000000000000e+02,9.978678038379530379e-01,1.401264895219832852e+03
1.999000000000000000e+03,9.850000000000000000e+02,9.860000000000000000e+02,9.989858012170385049e-01,1.908606023355869638e+03
1.020000000000000000e+03,6.470000000000000000e+02,6.480000000000000000e+02,9.984567901234567833e-01,1.613115817263544614e+03
6.940000000000000000e+02,4.840000000000000000e+02,4.850000000000000000e+02,9.979381443298969145e-01,1.515378269617706337e+03
7.280000000000000000e+02,8.990000000000000000e+02,9.000000000000000000e+02,9.988888888888889372e-01,1.407242981170368694e+03
9.650000000000000000e+02,8.690000000000000000e+02,8.700000000000000000e+02,9.988505747126437129e-01,1.393536247723132874e+03
1.248000000000000000e+03,8.320000000000000000e+02,8.330000000000000000e+02,9.987995198079231418e-01,1.458686342996856411e+03
2.218000000000000000e+03,9.450000000000000000e+02,9.460000000000000000e+02,9.989429175475686984e-01,1.748895952399592943e+03
2.009000000000000000e+03,8.260000000000000000e+02,8.270000000000000000e+02,9.987908101571947306e-01,1.502976239826095707e+03
6.770000000000000000e+02,4.790000000000000000e+02,4.800000000000000000e+02,9.979166666666666741e-01,1.585387876386687822e+03
9.290000000000000000e+02,5.680000000000000000e+02,5.690000000000000000e+02,9.982425307557117877e-01,1.783326988443235905e+03
7.340000000000000000e+02,8.940000000000000000e+02,8.950000000000000000e+02,9.988826815642457557e-01,1.600119077643667879e+03
1.249000000000000000e+03,9.310000000000000000e+02,9.320000000000000000e+02,9.989270386266094759e-01,1.592680324406522004e+03
1.134000000000000000e+03,9.530000000000000000e+02,9.540000000000000000e+02,9.989517819706499324e-01,1.731783266932270863e+03
1.351000000000000000e+03,1.062000000000000000e+03,1.063000000000000000e+03,9.990592662276576164e-01,1.435392819269807660e+03
9.010000000000000000e+02,9.370000000000000000e+02,9.380000000000000000e+02,9.989339019189765745e-01,1.377521759697256357e+03
8.890000000000000000e+02,8.680000000000000000e+02,8.690000000000000000e+02,9.988492520138090303e-01,1.332156308654848772e+03
1.069000000000000000e+03,9.630000000000000000e+02,9.640000000000000000e+02,9.989626556016597547e-01,1.432542673421668042e+03
9.470000000000000000e+02,5.480000000000000000e+02,5.490000000000000000e+02,9.981785063752276477e-01,1.389494665223442098e+03
8.820000000000000000e+02,9.580000000000000000e+02,9.590000000000000000e+02,9.989572471324296155e-01,1.580766049013747761e+03
1.468000000000000000e+03,8.900000000000000000e+02,8.910000000000000000e+02,9.988776655443322161e-01,1.585150961436311491e+03
7.010000000000000000e+02,9.050000000000000000e+02,9.060000000000000000e+02,9.988962472406180959e-01,1.294580655275121444e+03
6.580000000000000000e+02,8.590000000000000000e+02,8.600000000000000000e+02,9.988372093023255571e-01,1.369870382065045760e+03
5.940000000000000000e+02,4.890000000000000000e+02,4.900000000000000000e+02,9.979591836734693633e-01,1.552507335231005072e+03
9.850000000000000000e+02,9.580000000000000000e+02,9.590000000000000000e+02,9.989572471324296155e-01,1.288835409678965107e+03
2.107000000000000000e+03,9.510000000000000000e+02,9.520000000000000000e+02,9.989495798319327768e-01,1.289560503164068450e+03
2.156000000000000000e+03,9.970000000000000000e+02,9.980000000000000000e+02,9.989979959919840224e-01,6.031629096292308532e+02
8.430000000000000000e+02,9.220000000000000000e+02,9.230000000000000000e+02,9.989165763813651067e-01,1.260754197271773364e+03
1.462000000000000000e+03,8.450000000000000000e+02,8.460000000000000000e+02,9.988179669030733399e-01,1.364267136523814997e+03
7.660000000000000000e+02,9.510000000000000000e+02,9.520000000000000000e+02,9.989495798319327768e-01,1.057907930272526301e+03
6.830000000000000000e+02,4.550000000000000000e+02,4.560000000000000000e+02,9.978070175438596978e-01,5.936660300136425121e+02
8.500000000000000000e+02,1.024000000000000000e+03,1.025000000000000000e+03,9.990243902439024382e-01,1.569956781914893554e+03
9.000000000000000000e+02,9.740000000000000000e+02,9.750000000000000000e+02,9.989743589743589336e-01,1.281640328151986296e+03
5.270000000000000000e+02,9.640000000000000000e+02,9.650000000000000000e+02,9.989637305699481384e-01,5.854739250643531250e+02
1.135000000000000000e+03,9.400000000000000000e+02,9.410000000000000000e+02,9.989373007438895335e-01,7.275276912660798416e+02
1.012000000000000000e+03,8.800000000000000000e+02,8.810000000000000000e+02,9.988649262202042856e-01,1.419921227621483467e+03
6.810000000000000000e+02,9.180000000000000000e+02,9.190000000000000000e+02,9.989118607181719511e-01,1.042165545831414192e+03
1.104000000000000000e+03,8.620000000000000000e+02,8.630000000000000000e+02,9.988412514484357185e-01,5.228494928563637814e+02
1.227000000000000000e+03,9.770000000000000000e+02,9.780000000000000000e+02,9.989775051124744065e-01,1.191770091829210969e+03
9.690000000000000000e+02,8.740000000000000000e+02,8.750000000000000000e+02,9.988571428571428878e-01,1.380068123787151535e+03
1.501000000000000000e+03,6.090000000000000000e+02,6.100000000000000000e+02,9.983606557377049384e-01,1.144869135104578845e+03
4.850000000000000000e+02,2.730000000000000000e+02,2.740000000000000000e+02,9.963503649635035986e-01,1.484936862874054668e+03
6.840000000000000000e+02,9.940000000000000000e+02,9.950000000000000000e+02,9.989949748743718327e-01,1.287340793489318457e+03
9.470000000000000000e+02,9.090000000000000000e+02,9.100000000000000000e+02,9.989010989010989050e-01,1.739271246200607948e+03
2.173000000000000000e+03,8.990000000000000000e+02,9.000000000000000000e+02,9.988888888888889372e-01,1.351710665258711742e+03
6.750000000000000000e+02,8.090000000000000000e+02,8.100000000000000000e+02,9.987654320987654488e-01,1.345092361111111131e+03
1.066000000000000000e+03,8.760000000000000000e+02,8.770000000000000000e+02,9.988597491448119037e-01,1.355974646032268765e+03
6.460000000000000000e+02,9.510000000000000000e+02,9.520000000000000000e+02,9.989495798319327768e-01,1.531546323916476467e+03
1.378000000000000000e+03,9.610000000000000000e+02,9.620000000000000000e+02,9.989604989604989882e-01,1.868749274280500913e+03
2.262000000000000000e+03,1.178000000000000000e+03,1.179000000000000000e+03,9.991518235793045433e-01,1.275776526692277230e+03
3.680000000000000000e+02,3.270000000000000000e+02,3.280000000000000000e+02,9.969512195121951192e-01,1.845423378661087781e+03
2.104000000000000000e+03,9.250000000000000000e+02,9.260000000000000000e+02,9.989200863930886021e-01,1.350430045957959692e+03
6.850000000000000000e+02,9.300000000000000000e+02,9.310000000000000000e+02,9.989258861439312964e-01,1.236637879167711162e+03
2.177000000000000000e+03,1.041000000000000000e+03,1.042000000000000000e+03,9.990403071017274206e-01,1.439164667066586617e+03
6.470000000000000000e+02,9.240000000000000000e+02,9.250000000000000000e+02,9.989189189189189300e-01,1.339081528379429074e+03
6.910000000000000000e+02,8.710000000000000000e+02,8.720000000000000000e+02,9.988532110091743466e-01,1.757386810750900622e+03
2.118000000000000000e+03,1.101000000000000000e+03,1.102000000000000000e+03,9.990925589836661125e-01,1.372333436174315466e+03
9.920000000000000000e+02,1.056000000000000000e+03,1.057000000000000000e+03,9.990539262062441139e-01,1.324703735950609371e+03
1.711000000000000000e+03,8.680000000000000000e+02,8.690000000000000000e+02,9.988492520138090303e-01,1.447748211162346934e+03
1.199000000000000000e+03,9.660000000000000000e+02,9.670000000000000000e+02,9.989658738366080648e-01,1.219034909822741611e+03
6.530000000000000000e+02,4.930000000000000000e+02,4.940000000000000000e+02,9.979757085020243279e-01,1.934906509312188746e+03
1.069000000000000000e+03,1.010000000000000000e+03,1.011000000000000000e+03,9.990108803165183016e-01,1.189051385328939432e+03
1.281000000000000000e+03,5.530000000000000000e+02,5.540000000000000000e+02,9.981949458483754256e-01,1.369540904279449478e+03
9.430000000000000000e+02,8.560000000000000000e+02,8.570000000000000000e+02,9.988331388564760660e-01,4.825463694405367505e+02
6.550000000000000000e+02,8.750000000000000000e+02,8.760000000000000000e+02,9.988584474885844333e-01,1.299834099752387601e+03
1.016000000000000000e+03,9.090000000000000000e+02,9.100000000000000000e+02,9.989010989010989050e-01,1.175103397522384512e+03
9.710000000000000000e+02,5.080000000000000000e+02,5.090000000000000000e+02,9.980353634577603383e-01,1.461761292940221892e+03
1.210000000000000000e+03,6.720000000000000000e+02,6.730000000000000000e+02,9.985141158989598864e-01,1.240101798698813582e+03
9.810000000000000000e+02,9.210000000000000000e+02,9.220000000000000000e+02,9.989154013015184574e-01,1.223689144736842081e+03
7.200000000000000000e+02,9.810000000000000000e+02,9.820000000000000000e+02,9.989816700610998357e-01,1.424288154422996740e+03
1.678000000000000000e+03,5.620000000000000000e+02,5.630000000000000000e+02,9.982238010657193961e-01,1.618533377395902107e+03
5.840000000000000000e+02,8.630000000000000000e+02,8.640000000000000000e+02,9.988425925925925597e-01,9.334225274725274630e+02
7.640000000000000000e+02,9.440000000000000000e+02,9.450000000000000000e+02,9.989417989417989086e-01,8.123687813783660658e+02
1.277000000000000000e+03,7.100000000000000000e+02,7.110000000000000000e+02,9.985935302390999135e-01,1.226367714162720631e+03
2.336000000000000000e+03,9.600000000000000000e+02,9.610000000000000000e+02,9.989594172736732114e-01,1.144720687932634064e+03
9.040000000000000000e+02,9.690000000000000000e+02,9.700000000000000000e+02,9.989690721649484573e-01,1.320469214659685804e+03
8.270000000000000000e+02,8.840000000000000000e+02,8.850000000000000000e+02,9.988700564971751961e-01,6.842300072046109563e+02
2.109000000000000000e+03,1.018000000000000000e+03,1.019000000000000000e+03,9.990186457311088786e-01,1.382647033515467001e+03
1.068000000000000000e+03,8.620000000000000000e+02,8.630000000000000000e+02,9.988412514484357185e-01,1.461872205698934977e+03
1.989000000000000000e+03,9.150000000000000000e+02,9.160000000000000000e+02,9.989082969432314663e-01,1.372750732342410856e+03
9.810000000000000000e+02,7.730000000000000000e+02,7.740000000000000000e+02,9.987080103359172734e-01,1.288011460554371070e+03
1.142000000000000000e+03,8.350000000000000000e+02,8.360000000000000000e+02,9.988038277511961383e-01,1.205783366533864637e+03
6.330000000000000000e+02,4.670000000000000000e+02,4.680000000000000000e+02,9.978632478632478708e-01,1.261976841130152934e+03
1.352000000000000000e+03,5.870000000000000000e+02,5.880000000000000000e+02,9.982993197278912101e-01,1.592466109154929654e+03
6.280000000000000000e+02,9.560000000000000000e+02,9.570000000000000000e+02,9.989550679205851935e-01,1.369901901901901965e+03
8.000000000000000000e+02,5.020000000000000000e+02,5.030000000000000000e+02,9.980119284294234339e-01,1.357983690987124419e+03
6.450000000000000000e+02,9.750000000000000000e+02,9.760000000000000000e+02,9.989754098360655865e-01,1.173441546876987559e+03
9.650000000000000000e+02,5.780000000000000000e+02,5.790000000000000000e+02,9.982728842832470084e-01,1.377306253652834584e+03
7.660000000000000000e+02,6.690000000000000000e+02,6.700000000000000000e+02,9.985074626865672043e-01,1.283918224852071035e+03
5.610000000000000000e+02,8.510000000000000000e+02,8.520000000000000000e+02,9.988262910798122451e-01,1.243627779266005973e+03
6.900000000000000000e+02,9.040000000000000000e+02,9.050000000000000000e+02,9.988950276243093729e-01,1.396270872251760238e+03
9.420000000000000000e+02,5.090000000000000000e+02,5.100000000000000000e+02,9.980392156862745168e-01,1.597609108159392690e+03
2.174000000000000000e+03,8.690000000000000000e+02,8.700000000000000000e+02,9.988505747126437129e-01,1.344377313965074109e+03
2.167000000000000000e+03,7.120000000000000000e+02,7.130000000000000000e+02,9.985974754558204491e-01,1.460070419531957896e+03
2.280000000000000000e+03,9.390000000000000000e+02,9.400000000000000000e+02,9.989361702127659282e-01,1.238283517218321549e+03
1.021000000000000000e+03,8.340000000000000000e+02,8.350000000000000000e+02,9.988023952095808067e-01,1.694212360939431392e+03
7.420000000000000000e+02,8.950000000000000000e+02,8.960000000000000000e+02,9.988839285714286031e-01,1.499978346003225170e+03
1.842000000000000000e+03,9.050000000000000000e+02,9.060000000000000000e+02,9.988962472406180959e-01,1.433539163237311413e+03
2.850000000000000000e+02,2.750000000000000000e+02,2.760000000000000000e+02,9.963768115942028825e-01,9.501541176470587970e+02
6.940000000000000000e+02,9.180000000000000000e+02,9.190000000000000000e+02,9.989118607181719511e-01,1.550208206466579668e+03
2.185000000000000000e+03,9.570000000000000000e+02,9.580000000000000000e+02,9.989561586638830981e-01,1.391679119193689758e+03
2.052000000000000000e+03,9.090000000000000000e+02,9.100000000000000000e+02,9.989010989010989050e-01,1.417289652026586737e+03
4.980000000000000000e+02,3.950000000000000000e+02,3.960000000000000000e+02,9.974747474747475140e-01,1.132315608382858954e+03
9.490000000000000000e+02,9.500000000000000000e+02,9.510000000000000000e+02,9.989484752891693020e-01,1.486009972801450658e+03
9.920000000000000000e+02,9.570000000000000000e+02,9.580000000000000000e+02,9.989561586638830981e-01,1.414384914841849195e+03
2.254000000000000000e+03,9.840000000000000000e+02,9.850000000000000000e+02,9.989847715736041023e-01,1.228883154449265476e+03
2.328000000000000000e+03,1.009000000000000000e+03,1.010000000000000000e+03,9.990099009900990090e-01,1.438506178798995961e+03
5.630000000000000000e+02,8.620000000000000000e+02,8.630000000000000000e+02,9.988412514484357185e-01,1.700710864084345531e+03
5.510000000000000000e+02,7.950000000000000000e+02,7.960000000000000000e+02,9.987437185929648464e-01,1.212914979757085121e+03
6.720000000000000000e+02,5.190000000000000000e+02,5.200000000000000000e+02,9.980769230769230838e-01,1.319007768924302809e+03
6.130000000000000000e+02,7.810000000000000000e+02,7.820000000000000000e+02,9.987212276214834095e-01,1.440801357411222853e+03
9.370000000000000000e+02,9.590000000000000000e+02,9.600000000000000000e+02,9.989583333333332815e-01,1.478503605489648862e+03
7.160000000000000000e+02,9.620000000000000000e+02,9.630000000000000000e+02,9.989615784008307742e-01,1.487232430017867728e+03
1.067000000000000000e+03,9.560000000000000000e+02,9.570000000000000000e+02,9.989550679205851935e-01,1.575862599692178492e+03
7.670000000000000000e+02,5.450000000000000000e+02,5.460000000000000000e+02,9.981684981684981750e-01,1.386710933470861164e+03
5.920000000000000000e+02,8.100000000000000000e+02,8.110000000000000000e+02,9.987669543773119996e-01,1.364516133098059072e+03
1.184000000000000000e+03,8.800000000000000000e+02,8.810000000000000000e+02,9.988649262202042856e-01,1.194964532019704393e+03
2.660000000000000000e+03,9.570000000000000000e+02,9.580000000000000000e+02,9.989561586638830981e-01,1.378689387948758394e+03
4.890000000000000000e+02,4.430000000000000000e+02,4.440000000000000000e+02,9.977477477477477708e-01,1.203673277144273698e+03
7.600000000000000000e+02,9.200000000000000000e+02,9.210000000000000000e+02,9.989142236699239952e-01,1.663082120459117277e+03
1.311000000000000000e+03,9.180000000000000000e+02,9.190000000000000000e+02,9.989118607181719511e-01,1.219370890213420580e+03
1.077000000000000000e+03,9.690000000000000000e+02,9.700000000000000000e+02,9.989690721649484573e-01,1.340517731438437977e+03
6.860000000000000000e+02,9.140000000000000000e+02,9.150000000000000000e+02,9.989071038251365886e-01,1.230424698346491823e+03
1.455000000000000000e+03,9.770000000000000000e+02,9.780000000000000000e+02,9.989775051124744065e-01,1.378439331429176036e+03
1.101000000000000000e+03,9.340000000000000000e+02,9.350000000000000000e+02,9.989304812834224334e-01,1.455779728997290022e+03
1.220000000000000000e+03,6.880000000000000000e+02,6.890000000000000000e+02,9.985486211901306586e-01,1.239666791979949949e+03
7.310000000000000000e+02,8.410000000000000000e+02,8.420000000000000000e+02,9.988123515439429889e-01,1.341895707137213549e+03
9.260000000000000000e+02,7.960000000000000000e+02,7.970000000000000000e+02,9.987452948557089538e-01,1.413373928957657427e+03
2.027000000000000000e+03,8.600000000000000000e+02,8.610000000000000000e+02,9.988385598141695798e-01,1.218129008859644500e+03
8.070000000000000000e+02,9.720000000000000000e+02,9.730000000000000000e+02,9.989722507708119759e-01,1.336243227326266151e+03
6.820000000000000000e+02,4.310000000000000000e+02,4.320000000000000000e+02,9.976851851851852304e-01,1.417831185567010380e+03
7.670000000000000000e+02,1.073000000000000000e+03,1.074000000000000000e+03,9.990689013035382038e-01,1.293979908829984879e+03
7.300000000000000000e+02,1.090000000000000000e+03,1.091000000000000000e+03,9.990834097158569627e-01,1.343405146255613545e+03
9.260000000000000000e+02,9.320000000000000000e+02,9.330000000000000000e+02,9.989281886387996190e-01,1.566461503827104934e+03
1.441000000000000000e+03,8.850000000000000000e+02,8.860000000000000000e+02,9.988713318284424547e-01,5.544539674465920598e+02
9.110000000000000000e+02,1.064000000000000000e+03,1.065000000000000000e+03,9.990610328638497295e-01,1.210695864340612388e+03
1.020000000000000000e+03,1.076000000000000000e+03,1.077000000000000000e+03,9.990714948932218897e-01,6.331201228529178024e+02
6.110000000000000000e+02,9.940000000000000000e+02,9.950000000000000000e+02,9.989949748743718327e-01,5.685679136690647510e+02
8.940000000000000000e+02,6.800000000000000000e+02,6.810000000000000000e+02,9.985315712187958770e-01,1.184068399705014826e+03
5.880000000000000000e+02,5.170000000000000000e+02,5.180000000000000000e+02,9.980694980694980734e-01,1.136695276254744840e+03
1.419000000000000000e+03,1.021000000000000000e+03,1.022000000000000000e+03,9.990215264187867206e-01,1.348357443646272031e+03
1.164000000000000000e+03,1.051000000000000000e+03,1.052000000000000000e+03,9.990494296577946409e-01,1.844218927397669631e+03
1.275000000000000000e+03,1.006000000000000000e+03,1.007000000000000000e+03,9.990069513406156787e-01,1.764943613643347362e+03
6.950000000000000000e+02,1.005000000000000000e+03,1.006000000000000000e+03,9.990059642147117724e-01,1.423087056544375855e+03
2.101000000000000000e+03,1.108000000000000000e+03,1.109000000000000000e+03,9.990982867448151561e-01,9.434518638573744056e+02
1.132000000000000000e+03,1.061000000000000000e+03,1.062000000000000000e+03,9.990583804143126079e-01,1.466671977087622054e+03
1.378000000000000000e+03,1.096000000000000000e+03,1.097000000000000000e+03,9.990884229717411635e-01,1.351794714321671336e+03
1.011000000000000000e+03,1.115000000000000000e+03,1.116000000000000000e+03,9.991039426523297129e-01,1.468059150565074788e+03
1.057000000000000000e+03,1.035000000000000000e+03,1.036000000000000000e+03,9.990347490347489812e-01,1.613742631851085889e+03
1.276000000000000000e+03,1.040000000000000000e+03,1.041000000000000000e+03,9.990393852065321267e-01,1.253513776337115132e+03
8.640000000000000000e+02,1.029000000000000000e+03,1.030000000000000000e+03,9.990291262135921890e-01,1.358712063428341935e+03
7.690000000000000000e+02,6.260000000000000000e+02,6.270000000000000000e+02,9.984051036682615177e-01,1.664251364764267919e+03
2.400000000000000000e+03,1.000000000000000000e+03,1.001000000000000000e+03,9.990009990009990348e-01,1.523817879571481399e+03
1.737000000000000000e+03,4.350000000000000000e+02,4.360000000000000000e+02,9.977064220183485821e-01,1.608644492911668522e+03
1.412000000000000000e+03,1.089000000000000000e+03,1.090000000000000000e+03,9.990825688073394772e-01,1.377406804463142407e+03
1.154000000000000000e+03,1.008000000000000000e+03,1.009000000000000000e+03,9.990089197224975015e-01,1.564400257069408781e+03
7.970000000000000000e+02,1.029000000000000000e+03,1.030000000000000000e+03,9.990291262135921890e-01,1.757595017139035235e+03
7.480000000000000000e+02,1.037000000000000000e+03,1.038000000000000000e+03,9.990366088631984498e-01,1.433193523663537007e+03
1.375000000000000000e+03,9.180000000000000000e+02,9.190000000000000000e+02,9.989118607181719511e-01,1.538495520248476851e+03
8.170000000000000000e+02,1.031000000000000000e+03,1.032000000000000000e+03,9.990310077519379828e-01,1.161516164686377351e+03
7.450000000000000000e+02,1.052000000000000000e+03,1.053000000000000000e+03,9.990503323836656957e-01,1.345206595905989388e+03
7.880000000000000000e+02,5.880000000000000000e+02,5.890000000000000000e+02,9.983022071307300349e-01,1.578592113631545544e+03
7.490000000000000000e+02,9.640000000000000000e+02,9.650000000000000000e+02,9.989637305699481384e-01,1.339723793859649049e+03
9.040000000000000000e+02,1.040000000000000000e+03,1.041000000000000000e+03,9.990393852065321267e-01,1.278696590330788695e+03
2.200000000000000000e+03,9.910000000000000000e+02,9.920000000000000000e+02,9.989919354838709964e-01,1.772065051227841877e+03
6.170000000000000000e+02,9.250000000000000000e+02,9.260000000000000000e+02,9.989200863930886021e-01,1.416972043701799521e+03
7.830000000000000000e+02,9.780000000000000000e+02,9.790000000000000000e+02,9.989785495403472604e-01,1.630023158745119190e+03
1.010000000000000000e+03,1.025000000000000000e+03,1.026000000000000000e+03,9.990253411306042608e-01,1.328353960050286332e+03
7.250000000000000000e+02,1.012000000000000000e+03,1.013000000000000000e+03,9.990128331688055141e-01,1.767862017059708933e+03
7.540000000000000000e+02,1.092000000000000000e+03,1.093000000000000000e+03,9.990850869167429149e-01,1.309584981349848704e+03
2.595000000000000000e+03,1.249000000000000000e+03,1.250000000000000000e+03,9.991999999999999771e-01,1.480395308607805191e+03
8.240000000000000000e+02,1.145000000000000000e+03,1.146000000000000000e+03,9.991273996509598687e-01,1.384981301878549630e+03
6.760000000000000000e+02,1.003000000000000000e+03,1.004000000000000000e+03,9.990039840637450208e-01,6.139317062727467373e+02
5.960000000000000000e+02,8.700000000000000000e+02,8.710000000000000000e+02,9.988518943742824563e-01,1.423297177291468415e+03
7.260000000000000000e+02,1.086000000000000000e+03,1.087000000000000000e+03,9.990800367985280817e-01,1.430536006401137911e+03
2.424000000000000000e+03,1.719000000000000000e+03,1.720000000000000000e+03,9.994186046511628341e-01,1.341621654052058375e+03
9.020000000000000000e+02,1.112000000000000000e+03,1.113000000000000000e+03,9.991015274034141802e-01,6.107063500590952572e+02
1.253000000000000000e+03,1.074000000000000000e+03,1.075000000000000000e+03,9.990697674418604901e-01,1.262165069342654078e+03
8.170000000000000000e+02,9.130000000000000000e+02,9.140000000000000000e+02,9.989059080962801040e-01,1.356738575336913527e+03
1.402000000000000000e+03,1.092000000000000000e+03,1.093000000000000000e+03,9.990850869167429149e-01,1.582384550187673995e+03
1.441000000000000000e+03,1.021000000000000000e+03,1.022000000000000000e+03,9.990215264187867206e-01,1.500911029285836548e+03
7.000000000000000000e+02,5.820000000000000000e+02,5.830000000000000000e+02,9.982847341337907077e-01,1.225203977994075331e+03
1.306000000000000000e+03,6.730000000000000000e+02,6.740000000000000000e+02,9.985163204747774524e-01,1.659146888669394684e+03
2.202000000000000000e+03,8.760000000000000000e+02,8.770000000000000000e+02,9.988597491448119037e-01,1.600841666143905741e+03
7.640000000000000000e+02,6.120000000000000000e+02,6.130000000000000000e+02,9.983686786296900317e-01,1.351695553257497522e+03
7.910000000000000000e+02,1.057000000000000000e+03,1.058000000000000000e+03,9.990548204158790080e-01,1.296686313356447044e+03
6.060000000000000000e+02,8.830000000000000000e+02,8.840000000000000000e+02,9.988687782805429904e-01,1.480464137816796438e+03
1.397000000000000000e+03,1.125000000000000000e+03,1.126000000000000000e+03,9.991119005328596980e-01,1.416669520547945240e+03
2.388000000000000000e+03,1.121000000000000000e+03,1.122000000000000000e+03,9.991087344028520834e-01,1.441091156169111400e+03
1.100000000000000000e+03,7.140000000000000000e+02,7.150000000000000000e+02,9.986013986013986266e-01,1.354884433962264211e+03
6.310000000000000000e+02,8.510000000000000000e+02,8.520000000000000000e+02,9.988262910798122451e-01,1.329281398626034843e+03
9.810000000000000000e+02,6.470000000000000000e+02,6.480000000000000000e+02,9.984567901234567833e-01,1.291809613572101853e+03
1.219000000000000000e+03,1.019000000000000000e+03,1.020000000000000000e+03,9.990196078431372584e-01,1.481687965722801891e+03
1.452000000000000000e+03,9.620000000000000000e+02,9.630000000000000000e+02,9.989615784008307742e-01,1.435492976847815498e+03
5.470000000000000000e+02,8.530000000000000000e+02,8.540000000000000000e+02,9.988290398126463687e-01,1.436771081837983502e+03
1.632000000000000000e+03,5.580000000000000000e+02,5.590000000000000000e+02,9.982110912343470366e-01,1.374790985457501620e+03
4.500000000000000000e+02,4.940000000000000000e+02,4.950000000000000000e+02,9.979797979797979668e-01,1.045898629541004993e+03
8.970000000000000000e+02,6.030000000000000000e+02,6.040000000000000000e+02,9.983443708609271994e-01,1.716424405466480039e+03
7.780000000000000000e+02,5.980000000000000000e+02,5.990000000000000000e+02,9.983305509181970017e-01,1.563832338371649939e+03
2.376000000000000000e+03,1.073000000000000000e+03,1.074000000000000000e+03,9.990689013035382038e-01,1.342580364257256633e+03
3.410000000000000000e+02,3.140000000000000000e+02,3.150000000000000000e+02,9.968253968253968367e-01,1.006226874391431352e+03
3.180000000000000000e+02,5.200000000000000000e+02,5.210000000000000000e+02,9.980806142034548412e-01,1.328113699721226567e+03
7.360000000000000000e+02,1.000000000000000000e+03,1.001000000000000000e+03,9.990009990009990348e-01,1.330845649829974263e+03
8.260000000000000000e+02,1.040000000000000000e+03,1.041000000000000000e+03,9.990393852065321267e-01,1.441286685502383989e+03
2.339000000000000000e+03,1.158000000000000000e+03,1.159000000000000000e+03,9.991371872303710377e-01,1.687458868243243160e+03
1.004000000000000000e+03,9.500000000000000000e+02,9.510000000000000000e+02,9.989484752891693020e-01,1.653631695603989556e+03
2.608000000000000000e+03,1.119000000000000000e+03,1.120000000000000000e+03,9.991071428571428603e-01,1.658463835008179558e+03
2.525000000000000000e+03,1.143000000000000000e+03,1.144000000000000000e+03,9.991258741258741694e-01,1.338571453806747968e+03
1.214000000000000000e+03,1.015000000000000000e+03,1.016000000000000000e+03,9.990157480314960647e-01,1.308364802182810308e+03
2.371000000000000000e+03,1.106000000000000000e+03,1.107000000000000000e+03,9.990966576332429572e-01,1.288822830477236266e+03
2.314000000000000000e+03,1.127000000000000000e+03,1.128000000000000000e+03,9.991134751773049771e-01,1.461359320968248994e+03
7.150000000000000000e+02,8.830000000000000000e+02,8.840000000000000000e+02,9.988687782805429904e-01,1.294465778764335937e+03
8.620000000000000000e+02,6.420000000000000000e+02,6.430000000000000000e+02,9.984447900466563164e-01,1.146602125644533317e+03
6.220000000000000000e+02,1.078000000000000000e+03,1.079000000000000000e+03,9.990732159406857660e-01,1.394157563625965167e+03
1.055000000000000000e+03,9.910000000000000000e+02,9.920000000000000000e+02,9.989919354838709964e-01,1.532895753946652121e+03
2.494000000000000000e+03,1.107000000000000000e+03,1.108000000000000000e+03,9.990974729241877128e-01,1.491436242185492802e+03
1.511000000000000000e+03,9.610000000000000000e+02,9.620000000000000000e+02,9.989604989604989882e-01,1.311943736951983283e+03
2.462000000000000000e+03,1.115000000000000000e+03,1.116000000000000000e+03,9.991039426523297129e-01,1.426885917533921656e+03
1.036000000000000000e+03,1.134000000000000000e+03,1.135000000000000000e+03,9.991189427312775484e-01,1.574962806945443390e+03
1.033000000000000000e+03,1.130000000000000000e+03,1.131000000000000000e+03,9.991158267020335826e-01,1.367237150481494382e+03
9.760000000000000000e+02,6.790000000000000000e+02,6.800000000000000000e+02,9.985294117647058876e-01,1.262843230403800362e+03
1.979000000000000000e+03,8.210000000000000000e+02,8.220000000000000000e+02,9.987834549878344959e-01,1.624272795302786108e+03
8.080000000000000000e+02,9.130000000000000000e+02,9.140000000000000000e+02,9.989059080962801040e-01,1.419300374843815007e+03
2.481000000000000000e+03,1.038000000000000000e+03,1.039000000000000000e+03,9.990375360923965387e-01,1.668451618439570211e+03
9.500000000000000000e+02,1.074000000000000000e+03,1.075000000000000000e+03,9.990697674418604901e-01,1.444109428717723631e+03
1.133000000000000000e+03,1.066000000000000000e+03,1.067000000000000000e+03,9.990627928772258803e-01,1.403986898550724618e+03
4.480000000000000000e+02,5.130000000000000000e+02,5.140000000000000000e+02,9.980544747081712131e-01,1.002875942211055303e+03
6.140000000000000000e+02,9.840000000000000000e+02,9.850000000000000000e+02,9.989847715736041023e-01,1.263393433342768276e+03
1.480000000000000000e+03,1.069000000000000000e+03,1.070000000000000000e+03,9.990654205607476523e-01,1.456310765002290509e+03
5.950000000000000000e+02,6.250000000000000000e+02,6.260000000000000000e+02,9.984025559105431658e-01,1.637428960155490813e+03
4.480000000000000000e+02,4.060000000000000000e+02,4.070000000000000000e+02,9.975429975429975782e-01,1.683433367243133262e+03
1.348000000000000000e+03,1.061000000000000000e+03,1.062000000000000000e+03,9.990583804143126079e-01,1.507359379278868118e+03
1.495000000000000000e+03,7.740000000000000000e+02,7.750000000000000000e+02,9.987096774193547910e-01,1.629440672687636152e+03
5.380000000000000000e+02,8.140000000000000000e+02,8.150000000000000000e+02,9.987730061349693322e-01,1.224663652802893239e+03
7.170000000000000000e+02,5.650000000000000000e+02,5.660000000000000000e+02,9.982332155477031677e-01,1.299928282244071625e+03
1.070000000000000000e+03,5.800000000000000000e+02,5.810000000000000000e+02,9.982788296041308351e-01,1.489090909090909008e+03
6.310000000000000000e+02,1.009000000000000000e+03,1.010000000000000000e+03,9.990099009900990090e-01,1.517000834724540937e+03
7.820000000000000000e+02,7.220000000000000000e+02,7.230000000000000000e+02,9.986168741355463396e-01,1.228986729748442258e+03
5.150000000000000000e+02,6.350000000000000000e+02,6.360000000000000000e+02,9.984276729559747876e-01,1.364709384042992951e+03
6.740000000000000000e+02,5.660000000000000000e+02,5.670000000000000000e+02,9.982363315696648476e-01,1.256430146503549395e+03
6.660000000000000000e+02,7.410000000000000000e+02,7.420000000000000000e+02,9.986522911051213258e-01,1.431998525617397718e+03
6.440000000000000000e+02,7.410000000000000000e+02,7.420000000000000000e+02,9.986522911051213258e-01,1.215019540533403642e+03
7.990000000000000000e+02,6.560000000000000000e+02,6.570000000000000000e+02,9.984779299847792444e-01,1.492710071371927143e+03
8.570000000000000000e+02,5.710000000000000000e+02,5.720000000000000000e+02,9.982517482517482277e-01,1.269462207916070611e+03
6.790000000000000000e+02,9.320000000000000000e+02,9.330000000000000000e+02,9.989281886387996190e-01,1.252879559085751225e+03
8.800000000000000000e+02,9.060000000000000000e+02,9.070000000000000000e+02,9.988974641675854027e-01,1.222954801817327279e+03
8.230000000000000000e+02,5.440000000000000000e+02,5.450000000000000000e+02,9.981651376146789545e-01,1.184231821290175503e+03
8.440000000000000000e+02,9.390000000000000000e+02,9.400000000000000000e+02,9.989361702127659282e-01,1.356792156546948036e+03
7.030000000000000000e+02,1.043000000000000000e+03,1.044000000000000000e+03,9.990421455938697237e-01,1.375538792416759634e+03
2.990000000000000000e+02,2.740000000000000000e+02,2.750000000000000000e+02,9.963636363636363402e-01,1.109965178571428623e+03
7.710000000000000000e+02,5.590000000000000000e+02,5.600000000000000000e+02,9.982142857142857206e-01,1.241529139490847911e+03
5.790000000000000000e+02,7.690000000000000000e+02,7.700000000000000000e+02,9.987012987012987564e-01,1.358769322845417264e+03
1.043000000000000000e+03,5.750000000000000000e+02,5.760000000000000000e+02,9.982638888888888395e-01,1.489807912844036764e+03
4.740000000000000000e+02,3.040000000000000000e+02,3.050000000000000000e+02,9.967213114754098768e-01,1.073477709995307350e+03
8.950000000000000000e+02,9.770000000000000000e+02,9.780000000000000000e+02,9.989775051124744065e-01,1.558666316232127883e+03
1.389000000000000000e+03,1.043000000000000000e+03,1.044000000000000000e+03,9.990421455938697237e-01,1.514169395673045301e+03
4.130000000000000000e+02,6.420000000000000000e+02,6.430000000000000000e+02,9.984447900466563164e-01,1.159521994134897341e+03
3.880000000000000000e+02,3.380000000000000000e+02,3.390000000000000000e+02,9.970501474926253271e-01,9.693084615384615290e+02
2.244000000000000000e+03,1.068000000000000000e+03,1.069000000000000000e+03,9.990645463049578900e-01,1.503366927508814115e+03
1.120000000000000000e+03,4.590000000000000000e+02,4.600000000000000000e+02,9.978260869565217517e-01,1.002497458001768337e+03
6.110000000000000000e+02,4.350000000000000000e+02,4.360000000000000000e+02,9.977064220183485821e-01,1.247953538627768694e+03
5.370000000000000000e+02,4.740000000000000000e+02,4.750000000000000000e+02,9.978947368421052788e-01,9.961518316195372336e+02
9.270000000000000000e+02,9.540000000000000000e+02,9.550000000000000000e+02,9.989528795811518647e-01,1.320212145235452681e+03
1.662000000000000000e+03,1.015000000000000000e+03,1.016000000000000000e+03,9.990157480314960647e-01,1.212149292520935660e+03
9.790000000000000000e+02,6.130000000000000000e+02,6.140000000000000000e+02,9.983713355048859928e-01,1.240895203111495221e+03
1.001000000000000000e+03,5.710000000000000000e+02,5.720000000000000000e+02,9.982517482517482277e-01,1.468561696516866277e+03
1.836000000000000000e+03,9.550000000000000000e+02,9.560000000000000000e+02,9.989539748953975007e-01,1.374399025482320440e+03
6.570000000000000000e+02,8.530000000000000000e+02,8.540000000000000000e+02,9.988290398126463687e-01,1.241491854712199938e+03
8.760000000000000000e+02,8.090000000000000000e+02,8.100000000000000000e+02,9.987654320987654488e-01,1.358291296625222003e+03
5.420000000000000000e+02,5.590000000000000000e+02,5.600000000000000000e+02,9.982142857142857206e-01,1.047206220095693880e+03
9.370000000000000000e+02,8.850000000000000000e+02,8.860000000000000000e+02,9.988713318284424547e-01,1.445529975168499504e+03
6.650000000000000000e+02,7.190000000000000000e+02,7.200000000000000000e+02,9.986111111111111160e-01,1.065476843910806110e+03
3.910000000000000000e+02,6.310000000000000000e+02,6.320000000000000000e+02,9.984177215189873333e-01,1.220102984814103593e+03
5.380000000000000000e+02,8.230000000000000000e+02,8.240000000000000000e+02,9.987864077669902363e-01,1.146336504424778695e+03
9.490000000000000000e+02,8.910000000000000000e+02,8.920000000000000000e+02,9.988789237668161958e-01,1.513697218330998567e+03
6.250000000000000000e+02,5.880000000000000000e+02,5.890000000000000000e+02,9.983022071307300349e-01,1.484506315789473774e+03
1.342000000000000000e+03,9.090000000000000000e+02,9.100000000000000000e+02,9.989010989010989050e-01,1.657114842817349881e+03
4.760000000000000000e+02,4.250000000000000000e+02,4.260000000000000000e+02,9.976525821596243793e-01,1.251077804192781514e+03
1.327000000000000000e+03,9.290000000000000000e+02,9.300000000000000000e+02,9.989247311827956777e-01,1.100619957909505501e+03
7.500000000000000000e+02,8.210000000000000000e+02,8.220000000000000000e+02,9.987834549878344959e-01,1.232066433896385661e+03
6.310000000000000000e+02,3.950000000000000000e+02,3.960000000000000000e+02,9.974747474747475140e-01,1.177178369652946003e+03
5.260000000000000000e+02,5.940000000000000000e+02,5.950000000000000000e+02,9.983193277310924429e-01,9.502910578609000822e+02
1.332000000000000000e+03,1.063000000000000000e+03,1.064000000000000000e+03,9.990601503759398705e-01,1.251934634826564434e+03
4.380000000000000000e+02,4.110000000000000000e+02,4.120000000000000000e+02,9.975728155339805836e-01,9.376745271432080244e+02
1.402000000000000000e+03,6.560000000000000000e+02,6.570000000000000000e+02,9.984779299847792444e-01,1.419148292084270906e+03
6.020000000000000000e+02,8.620000000000000000e+02,8.630000000000000000e+02,9.988412514484357185e-01,1.114184613863344111e+03
9.250000000000000000e+02,9.060000000000000000e+02,9.070000000000000000e+02,9.988974641675854027e-01,1.332404592592592508e+03
7.210000000000000000e+02,9.000000000000000000e+02,9.010000000000000000e+02,9.988901220865704644e-01,1.107129725363489570e+03
8.440000000000000000e+02,5.310000000000000000e+02,5.320000000000000000e+02,9.981203007518797410e-01,1.492902222867935507e+03
4.490000000000000000e+02,3.990000000000000000e+02,4.000000000000000000e+02,9.975000000000000533e-01,5.419059358544758425e+02
6.040000000000000000e+02,9.050000000000000000e+02,9.060000000000000000e+02,9.988962472406180959e-01,1.240889872521246389e+03
8.120000000000000000e+02,8.070000000000000000e+02,8.080000000000000000e+02,9.987623762376237613e-01,9.716129146499822582e+02
6.920000000000000000e+02,8.750000000000000000e+02,8.760000000000000000e+02,9.988584474885844333e-01,1.432296200185356838e+03
6.830000000000000000e+02,9.060000000000000000e+02,9.070000000000000000e+02,9.988974641675854027e-01,1.213228179551122139e+03
8.400000000000000000e+02,8.890000000000000000e+02,8.900000000000000000e+02,9.988764044943819753e-01,1.310755024115755532e+03
9.200000000000000000e+02,5.360000000000000000e+02,5.370000000000000000e+02,9.981378026070762965e-01,1.220148207683652117e+03
2.067000000000000000e+03,9.930000000000000000e+02,9.940000000000000000e+02,9.989939637826962260e-01,1.404200183525093507e+03
7.340000000000000000e+02,2.490000000000000000e+02,2.500000000000000000e+02,9.959999999999999964e-01,1.230714556962025426e+03
5.990000000000000000e+02,8.380000000000000000e+02,8.390000000000000000e+02,9.988081048867699652e-01,1.192684093437152342e+03
7.340000000000000000e+02,3.570000000000000000e+02,3.580000000000000000e+02,9.972067039106145003e-01,9.690839056434756458e+02
5.540000000000000000e+02,6.770000000000000000e+02,6.780000000000000000e+02,9.985250737463127191e-01,1.542681794845466584e+03
4.950000000000000000e+02,4.870000000000000000e+02,4.880000000000000000e+02,9.979508196721311730e-01,1.421542962962962974e+03
8.930000000000000000e+02,9.230000000000000000e+02,9.240000000000000000e+02,9.989177489177488711e-01,1.500089310829817123e+03
5.330000000000000000e+02,6.010000000000000000e+02,6.020000000000000000e+02,9.983388704318937323e-01,1.221039846049354765e+03
2.013000000000000000e+03,9.100000000000000000e+02,9.110000000000000000e+02,9.989023051591657820e-01,1.492452177589851999e+03
4.770000000000000000e+02,5.520000000000000000e+02,5.530000000000000000e+02,9.981916817359854921e-01,1.498160878021672715e+03
6.720000000000000000e+02,9.150000000000000000e+02,9.160000000000000000e+02,9.989082969432314663e-01,1.523429860251193986e+03
5.210000000000000000e+02,8.930000000000000000e+02,8.940000000000000000e+02,9.988814317673377907e-01,1.021238604651162746e+03
2.272000000000000000e+03,9.530000000000000000e+02,9.540000000000000000e+02,9.989517819706499324e-01,1.387186371578334274e+03
6.470000000000000000e+02,8.860000000000000000e+02,8.870000000000000000e+02,9.988726042841037378e-01,1.245456655137788630e+03
8.340000000000000000e+02,8.830000000000000000e+02,8.840000000000000000e+02,9.988687782805429904e-01,1.362665363773651961e+03
7.440000000000000000e+02,8.650000000000000000e+02,8.660000000000000000e+02,9.988452655889145104e-01,1.231566654380144882e+03
9.410000000000000000e+02,9.340000000000000000e+02,9.350000000000000000e+02,9.989304812834224334e-01,6.232150864525935958e+02
3.520000000000000000e+02,3.170000000000000000e+02,3.180000000000000000e+02,9.968553459119496862e-01,9.748717865278230192e+02
1.621000000000000000e+03,7.690000000000000000e+02,7.700000000000000000e+02,9.987012987012987564e-01,1.626350727779498357e+03
1.008000000000000000e+03,5.820000000000000000e+02,5.830000000000000000e+02,9.982847341337907077e-01,1.389948450244698279e+03
1.326000000000000000e+03,9.430000000000000000e+02,9.440000000000000000e+02,9.989406779661016422e-01,1.310238077735918296e+03
4.680000000000000000e+02,3.620000000000000000e+02,3.630000000000000000e+02,9.972451790633608537e-01,8.471501905972045279e+02
2.309000000000000000e+03,8.860000000000000000e+02,8.870000000000000000e+02,9.988726042841037378e-01,1.399172340011670940e+03
6.350000000000000000e+02,8.270000000000000000e+02,8.280000000000000000e+02,9.987922705314009608e-01,1.096465662297006475e+03
6.270000000000000000e+02,9.560000000000000000e+02,9.570000000000000000e+02,9.989550679205851935e-01,1.183312463712018598e+03
5.100000000000000000e+02,2.830000000000000000e+02,2.840000000000000000e+02,9.964788732394366244e-01,9.853898139079334442e+02
8.700000000000000000e+02,1.044000000000000000e+03,1.045000000000000000e+03,9.990430622009569550e-01,1.307716957431960964e+03
5.070000000000000000e+02,3.600000000000000000e+02,3.610000000000000000e+02,9.972299168975069517e-01,9.803405228758169869e+02
8.810000000000000000e+02,5.570000000000000000e+02,5.580000000000000000e+02,9.982078853046595368e-01,1.412243417611159657e+03
5.910000000000000000e+02,8.220000000000000000e+02,8.230000000000000000e+02,9.987849331713244405e-01,1.151054109355462060e+03
9.120000000000000000e+02,5.630000000000000000e+02,5.640000000000000000e+02,9.982269503546099543e-01,1.219208266360505149e+03
7.140000000000000000e+02,8.800000000000000000e+02,8.810000000000000000e+02,9.988649262202042856e-01,1.270721789607815481e+03
1.320000000000000000e+03,8.920000000000000000e+02,8.930000000000000000e+02,9.988801791713325384e-01,1.277084148572337654e+03
6.690000000000000000e+02,4.920000000000000000e+02,4.930000000000000000e+02,9.979716024340771208e-01,1.061981119706306572e+03
9.380000000000000000e+02,6.530000000000000000e+02,6.540000000000000000e+02,9.984709480122324621e-01,1.400471324050035491e+03
2.610000000000000000e+02,2.750000000000000000e+02,2.760000000000000000e+02,9.963768115942028825e-01,8.404627882599580744e+02
6.370000000000000000e+02,5.200000000000000000e+02,5.210000000000000000e+02,9.980806142034548412e-01,1.707648723157283712e+03
6.650000000000000000e+02,5.400000000000000000e+02,5.410000000000000000e+02,9.981515711645101430e-01,1.139576587795765818e+03
7.190000000000000000e+02,5.080000000000000000e+02,5.090000000000000000e+02,9.980353634577603383e-01,1.363795862663410389e+03
6.540000000000000000e+02,7.110000000000000000e+02,7.120000000000000000e+02,9.985955056179774969e-01,1.177718914054297329e+03
9.760000000000000000e+02,5.500000000000000000e+02,5.510000000000000000e+02,9.981851179673321139e-01,1.456746979712787834e+03
2.350000000000000000e+02,1.740000000000000000e+02,1.750000000000000000e+02,9.942857142857143282e-01,7.116544117647058556e+02
7.860000000000000000e+02,8.280000000000000000e+02,8.290000000000000000e+02,9.987937273823884743e-01,1.371156499133448960e+03
6.910000000000000000e+02,5.950000000000000000e+02,5.960000000000000000e+02,9.983221476510066861e-01,1.374317055655296144e+03
1.177000000000000000e+03,8.870000000000000000e+02,8.880000000000000000e+02,9.988738738738738299e-01,1.239077581342862459e+03
7.800000000000000000e+02,5.940000000000000000e+02,5.950000000000000000e+02,9.983193277310924429e-01,1.259099793814433042e+03
1.294000000000000000e+03,8.500000000000000000e+02,8.510000000000000000e+02,9.988249118683901751e-01,1.457832338358797870e+03
6.080000000000000000e+02,9.450000000000000000e+02,9.460000000000000000e+02,9.989429175475686984e-01,1.254334768003359159e+03
1.002000000000000000e+03,8.480000000000000000e+02,8.490000000000000000e+02,9.988221436984687784e-01,1.365125148279952555e+03
9.370000000000000000e+02,9.240000000000000000e+02,9.250000000000000000e+02,9.989189189189189300e-01,1.470642714100600870e+03
7.930000000000000000e+02,9.860000000000000000e+02,9.870000000000000000e+02,9.989868287740628627e-01,1.295672770632825177e+03
1.310000000000000000e+03,9.270000000000000000e+02,9.280000000000000000e+02,9.989224137931034253e-01,1.411296094908551595e+03
1.807000000000000000e+03,8.680000000000000000e+02,8.690000000000000000e+02,9.988492520138090303e-01,1.427426056338028275e+03
2.236000000000000000e+03,9.690000000000000000e+02,9.700000000000000000e+02,9.989690721649484573e-01,1.133561830216432099e+03
2.103000000000000000e+03,7.950000000000000000e+02,7.960000000000000000e+02,9.987437185929648464e-01,1.319009086975335322e+03
7.780000000000000000e+02,9.780000000000000000e+02,9.790000000000000000e+02,9.989785495403472604e-01,1.194280213368894920e+03
6.550000000000000000e+02,5.170000000000000000e+02,5.180000000000000000e+02,9.980694980694980734e-01,1.548613147605082986e+03
4.740000000000000000e+02,3.840000000000000000e+02,3.850000000000000000e+02,9.974025974025974017e-01,1.485113068414584177e+03
6.580000000000000000e+02,4.350000000000000000e+02,4.360000000000000000e+02,9.977064220183485821e-01,1.644085698070374519e+03
6.790000000000000000e+02,4.210000000000000000e+02,4.220000000000000000e+02,9.976303317535545334e-01,1.405077560240963749e+03
1.220000000000000000e+03,5.780000000000000000e+02,5.790000000000000000e+02,9.982728842832470084e-01,1.570692029580936833e+03
7.770000000000000000e+02,5.110000000000000000e+02,5.120000000000000000e+02,9.980468750000000000e-01,1.354488081936685376e+03
2.130000000000000000e+03,9.980000000000000000e+02,9.990000000000000000e+02,9.989989989989990216e-01,1.559143094937435535e+03
8.320000000000000000e+02,8.680000000000000000e+02,8.690000000000000000e+02,9.988492520138090303e-01,1.370503564299971458e+03
2.307000000000000000e+03,8.470000000000000000e+02,8.480000000000000000e+02,9.988207547169811740e-01,1.673556885353572170e+03
8.840000000000000000e+02,6.250000000000000000e+02,6.260000000000000000e+02,9.984025559105431658e-01,1.513030974764967823e+03
6.080000000000000000e+02,5.160000000000000000e+02,5.170000000000000000e+02,9.980657640232107886e-01,1.597683200748713261e+03
9.540000000000000000e+02,6.610000000000000000e+02,6.620000000000000000e+02,9.984894259818730688e-01,1.349136529197509162e+03
2.022000000000000000e+03,9.370000000000000000e+02,9.380000000000000000e+02,9.989339019189765745e-01,1.272220980019029412e+03
9.060000000000000000e+02,5.840000000000000000e+02,5.850000000000000000e+02,9.982905982905982967e-01,1.491325358186117683e+03
7.670000000000000000e+02,5.950000000000000000e+02,5.960000000000000000e+02,9.983221476510066861e-01,1.741455612045365569e+03
6.660000000000000000e+02,3.890000000000000000e+02,3.900000000000000000e+02,9.974358974358974450e-01,1.157251898734177303e+03
6.330000000000000000e+02,5.050000000000000000e+02,5.060000000000000000e+02,9.980237154150197743e-01,1.639609639704127858e+03
6.640000000000000000e+02,5.460000000000000000e+02,5.470000000000000000e+02,9.981718464351005959e-01,1.436652053036783627e+03
1.287000000000000000e+03,7.980000000000000000e+02,7.990000000000000000e+02,9.987484355444304907e-01,1.591533883896040834e+03
2.183000000000000000e+03,9.340000000000000000e+02,9.350000000000000000e+02,9.989304812834224334e-01,1.298610631848915773e+03
9.410000000000000000e+02,6.210000000000000000e+02,6.220000000000000000e+02,9.983922829581993730e-01,1.452043813387423825e+03
8.440000000000000000e+02,8.840000000000000000e+02,8.850000000000000000e+02,9.988700564971751961e-01,1.439722942611374947e+03
7.160000000000000000e+02,5.400000000000000000e+02,5.410000000000000000e+02,9.981515711645101430e-01,1.437745139096619823e+03
9.100000000000000000e+02,1.069000000000000000e+03,1.070000000000000000e+03,9.990654205607476523e-01,1.270143889818901243e+03
5.090000000000000000e+02,4.280000000000000000e+02,4.290000000000000000e+02,9.976689976689976369e-01,1.529341738670428413e+03
1.012000000000000000e+03,6.120000000000000000e+02,6.130000000000000000e+02,9.983686786296900317e-01,1.481874207279993016e+03
7.550000000000000000e+02,5.360000000000000000e+02,5.370000000000000000e+02,9.981378026070762965e-01,1.381374462260461542e+03
7.010000000000000000e+02,8.830000000000000000e+02,8.840000000000000000e+02,9.988687782805429904e-01,1.103528414994804507e+03
2.257000000000000000e+03,8.100000000000000000e+02,8.110000000000000000e+02,9.987669543773119996e-01,1.468698626236742939e+03
2.244000000000000000e+03,9.120000000000000000e+02,9.130000000000000000e+02,9.989047097480832083e-01,1.058960322380657090e+03
1.045000000000000000e+03,8.730000000000000000e+02,8.740000000000000000e+02,9.988558352402745477e-01,1.402505537656061279e+03
6.810000000000000000e+02,9.030000000000000000e+02,9.040000000000000000e+02,9.988938053097344838e-01,1.288256620663931471e+03
7.800000000000000000e+02,9.810000000000000000e+02,9.820000000000000000e+02,9.989816700610998357e-01,1.307426551724137880e+03
9.200000000000000000e+02,8.910000000000000000e+02,8.920000000000000000e+02,9.988789237668161958e-01,1.370492429810377871e+03
1.459000000000000000e+03,1.044000000000000000e+03,1.045000000000000000e+03,9.990430622009569550e-01,1.305460219707057149e+03
7.680000000000000000e+02,6.180000000000000000e+02,6.190000000000000000e+02,9.983844911147011780e-01,1.006657355679702050e+03
1.130000000000000000e+03,7.400000000000000000e+02,7.410000000000000000e+02,9.986504723346828483e-01,1.488238427866256870e+03
1.985000000000000000e+03,9.110000000000000000e+02,9.120000000000000000e+02,9.989035087719297934e-01,1.178710602018933969e+03
5.890000000000000000e+02,3.850000000000000000e+02,3.860000000000000000e+02,9.974093264248704571e-01,1.374760080196034778e+03
2.114000000000000000e+03,9.030000000000000000e+02,9.040000000000000000e+02,9.988938053097344838e-01,1.170342716049382716e+03
1.016000000000000000e+03,8.110000000000000000e+02,8.120000000000000000e+02,9.987684729064039146e-01,1.282467194281337697e+03
5.580000000000000000e+02,6.950000000000000000e+02,6.960000000000000000e+02,9.985632183908046411e-01,1.097280608778366513e+03
7.860000000000000000e+02,4.570000000000000000e+02,4.580000000000000000e+02,9.978165938864629325e-01,1.570608492330714625e+03
1.398000000000000000e+03,7.130000000000000000e+02,7.140000000000000000e+02,9.985994397759103691e-01,1.454867692307692323e+03
2.166000000000000000e+03,9.620000000000000000e+02,9.630000000000000000e+02,9.989615784008307742e-01,1.365888481590094443e+03
7.040000000000000000e+02,6.060000000000000000e+02,6.070000000000000000e+02,9.983525535420099128e-01,9.727300522733997923e+02
5.400000000000000000e+02,7.510000000000000000e+02,7.520000000000000000e+02,9.986702127659574657e-01,1.341590909090909008e+03
1.388000000000000000e+03,1.029000000000000000e+03,1.030000000000000000e+03,9.990291262135921890e-01,1.301143170760650264e+03
5.350000000000000000e+02,7.820000000000000000e+02,7.830000000000000000e+02,9.987228607918262613e-01,1.159155757674192046e+03
8.240000000000000000e+02,5.840000000000000000e+02,5.850000000000000000e+02,9.982905982905982967e-01,1.032178262846748567e+03
1.062000000000000000e+03,6.850000000000000000e+02,6.860000000000000000e+02,9.985422740524780849e-01,1.443679114565731652e+03
6.640000000000000000e+02,5.450000000000000000e+02,5.460000000000000000e+02,9.981684981684981750e-01,1.054254704301075208e+03
1.383000000000000000e+03,9.120000000000000000e+02,9.130000000000000000e+02,9.989047097480832083e-01,1.315758919673111450e+03
6.110000000000000000e+02,2.010000000000000000e+02,2.020000000000000000e+02,9.950495049504950451e-01,8.704902124114952358e+02
1.428000000000000000e+03,7.040000000000000000e+02,7.050000000000000000e+02,9.985815602836879412e-01,1.172088752362948981e+03
2.176000000000000000e+03,8.800000000000000000e+02,8.810000000000000000e+02,9.988649262202042856e-01,1.157324745881528315e+03
1.324000000000000000e+03,6.370000000000000000e+02,6.380000000000000000e+02,9.984326018808777903e-01,1.621152373816497402e+03
9.020000000000000000e+02,9.190000000000000000e+02,9.200000000000000000e+02,9.989130434782608203e-01,4.860527170518425919e+02
7.890000000000000000e+02,8.730000000000000000e+02,8.740000000000000000e+02,9.988558352402745477e-01,1.323332742316784788e+03
2.201000000000000000e+03,9.730000000000000000e+02,9.740000000000000000e+02,9.989733059548254746e-01,1.406571918410409808e+03
6.200000000000000000e+02,5.590000000000000000e+02,5.600000000000000000e+02,9.982142857142857206e-01,1.203701479237212652e+03
1.442000000000000000e+03,9.210000000000000000e+02,9.220000000000000000e+02,9.989154013015184574e-01,1.206735927991886456e+03
6.990000000000000000e+02,5.410000000000000000e+02,5.420000000000000000e+02,9.981549815498155231e-01,1.358639807254718335e+03
1.053000000000000000e+03,9.810000000000000000e+02,9.820000000000000000e+02,9.989816700610998357e-01,1.520017389917038827e+03
1.019000000000000000e+03,9.200000000000000000e+02,9.210000000000000000e+02,9.989142236699239952e-01,1.423393782991202443e+03
1.287000000000000000e+03,1.038000000000000000e+03,1.039000000000000000e+03,9.990375360923965387e-01,1.323282690659811578e+03
9.490000000000000000e+02,9.420000000000000000e+02,9.430000000000000000e+02,9.989395546129374859e-01,1.386811797029277841e+03
2.072000000000000000e+03,9.020000000000000000e+02,9.030000000000000000e+02,9.988925802879291549e-01,1.452289839065951355e+03
1.308000000000000000e+03,9.610000000000000000e+02,9.620000000000000000e+02,9.989604989604989882e-01,1.348862762859915847e+03
1.327000000000000000e+03,9.290000000000000000e+02,9.300000000000000000e+02,9.989247311827956777e-01,1.456402685851318893e+03
1.332000000000000000e+03,9.050000000000000000e+02,9.060000000000000000e+02,9.988962472406180959e-01,1.361947894051237427e+03
9.170000000000000000e+02,9.270000000000000000e+02,9.280000000000000000e+02,9.989224137931034253e-01,1.439084810438207796e+03
1.771000000000000000e+03,8.300000000000000000e+02,8.310000000000000000e+02,9.987966305655836541e-01,1.304329499792157321e+03
2.112000000000000000e+03,9.700000000000000000e+02,9.710000000000000000e+02,9.989701338825952570e-01,1.339928715326204838e+03
6.750000000000000000e+02,9.590000000000000000e+02,9.600000000000000000e+02,9.989583333333332815e-01,1.628965889514184028e+03
7.360000000000000000e+02,1.053000000000000000e+03,1.054000000000000000e+03,9.990512333965844149e-01,1.544669823119528246e+03
2.063000000000000000e+03,9.400000000000000000e+02,9.410000000000000000e+02,9.989373007438895335e-01,1.158678034819937920e+03
9.630000000000000000e+02,8.820000000000000000e+02,8.830000000000000000e+02,9.988674971687429016e-01,1.238839354838709596e+03
6.240000000000000000e+02,8.230000000000000000e+02,8.240000000000000000e+02,9.987864077669902363e-01,1.117036517455557942e+03
2.273000000000000000e+03,9.700000000000000000e+02,9.710000000000000000e+02,9.989701338825952570e-01,1.389180059662533722e+03
9.060000000000000000e+02,9.340000000000000000e+02,9.350000000000000000e+02,9.989304812834224334e-01,1.380986646038596291e+03
1.695000000000000000e+03,1.077000000000000000e+03,1.078000000000000000e+03,9.990723562152133974e-01,1.437165452091767975e+03
2.409000000000000000e+03,1.088000000000000000e+03,1.089000000000000000e+03,9.990817263544535809e-01,1.323778072448918010e+03
2.227000000000000000e+03,1.026000000000000000e+03,1.027000000000000000e+03,9.990262901655306838e-01,1.340857795995585775e+03
1.167000000000000000e+03,1.079000000000000000e+03,1.080000000000000000e+03,9.990740740740741144e-01,1.430091527458237579e+03
5.590000000000000000e+02,8.320000000000000000e+02,8.330000000000000000e+02,9.987995198079231418e-01,1.211739449786324712e+03
5.710000000000000000e+02,8.730000000000000000e+02,8.740000000000000000e+02,9.988558352402745477e-01,1.492120709166352299e+03
1.241000000000000000e+03,9.310000000000000000e+02,9.320000000000000000e+02,9.989270386266094759e-01,1.341961355932203332e+03
8.340000000000000000e+02,5.540000000000000000e+02,5.550000000000000000e+02,9.981981981981982166e-01,1.261168873602751546e+03
1.254000000000000000e+03,9.410000000000000000e+02,9.420000000000000000e+02,9.989384288747346075e-01,1.129456714017689592e+03
1.122000000000000000e+03,9.130000000000000000e+02,9.140000000000000000e+02,9.989059080962801040e-01,1.183653789370078812e+03
9.370000000000000000e+02,7.990000000000000000e+02,8.000000000000000000e+02,9.987500000000000266e-01,1.345711603682170562e+03
6.080000000000000000e+02,9.070000000000000000e+02,9.080000000000000000e+02,9.988986784140969633e-01,1.455515576143601720e+03
1.856000000000000000e+03,8.470000000000000000e+02,8.480000000000000000e+02,9.988207547169811740e-01,1.327125612065025734e+03
1.561000000000000000e+03,5.580000000000000000e+02,5.590000000000000000e+02,9.982110912343470366e-01,1.650411834065816265e+03
1.215000000000000000e+03,9.620000000000000000e+02,9.630000000000000000e+02,9.989615784008307742e-01,1.249924132364810248e+03
1.417000000000000000e+03,9.940000000000000000e+02,9.950000000000000000e+02,9.989949748743718327e-01,1.356217595366486876e+03
6.290000000000000000e+02,1.013000000000000000e+03,1.014000000000000000e+03,9.990138067061143934e-01,1.272123704107880485e+03
6.360000000000000000e+02,1.014000000000000000e+03,1.015000000000000000e+03,9.990147783251231983e-01,1.282707314678448711e+03
2.148000000000000000e+03,9.220000000000000000e+02,9.230000000000000000e+02,9.989165763813651067e-01,1.272107250755286941e+03
2.084000000000000000e+03,1.022000000000000000e+03,1.023000000000000000e+03,9.990224828934506363e-01,1.355298711144806703e+03
7.700000000000000000e+02,9.330000000000000000e+02,9.340000000000000000e+02,9.989293361884368228e-01,1.421661482743928445e+03
4.940000000000000000e+02,5.810000000000000000e+02,5.820000000000000000e+02,9.982817869415807621e-01,1.397024156791248970e+03
6.870000000000000000e+02,4.970000000000000000e+02,4.980000000000000000e+02,9.979919678714859188e-01,1.228990144748999001e+03
1.178000000000000000e+03,9.730000000000000000e+02,9.740000000000000000e+02,9.989733059548254746e-01,1.361452407961225163e+03
1.080000000000000000e+03,9.690000000000000000e+02,9.700000000000000000e+02,9.989690721649484573e-01,1.336713346814964552e+03
3.507000000000000000e+03,2.549000000000000000e+03,2.550000000000000000e+03,9.996078431372549256e-01,4.237333333333333485e+02
4.630000000000000000e+02,6.080000000000000000e+02,6.090000000000000000e+02,9.983579638752052565e-01,1.116270819341840252e+03
2.023000000000000000e+03,7.230000000000000000e+02,7.240000000000000000e+02,9.986187845303867716e-01,1.355520603015075267e+03
2.058000000000000000e+03,6.830000000000000000e+02,6.840000000000000000e+02,9.985380116959063912e-01,1.469849581737159042e+03
2.039000000000000000e+03,7.860000000000000000e+02,7.870000000000000000e+02,9.987293519695044086e-01,1.403778699612228365e+03
3.980000000000000000e+02,3.550000000000000000e+02,3.560000000000000000e+02,9.971910112359551048e-01,9.197980049875311579e+02
7.090000000000000000e+02,7.760000000000000000e+02,7.770000000000000000e+02,9.987129987129986786e-01,1.181384350487851634e+03
6.770000000000000000e+02,8.420000000000000000e+02,8.430000000000000000e+02,9.988137603795966823e-01,1.279744938539407030e+03
4.220000000000000000e+02,3.910000000000000000e+02,3.920000000000000000e+02,9.974489795918367596e-01,1.191653636363636451e+03
7.240000000000000000e+02,5.690000000000000000e+02,5.700000000000000000e+02,9.982456140350877138e-01,1.228896185678301435e+03
6.350000000000000000e+02,8.270000000000000000e+02,8.280000000000000000e+02,9.987922705314009608e-01,1.383837913444133619e+03
2.040000000000000000e+03,1.019000000000000000e+03,1.020000000000000000e+03,9.990196078431372584e-01,1.265208356820744029e+03
7.800000000000000000e+02,4.720000000000000000e+02,4.730000000000000000e+02,9.978858350951373968e-01,1.107684790462427827e+03
6.350000000000000000e+02,9.390000000000000000e+02,9.400000000000000000e+02,9.989361702127659282e-01,1.072754073460370137e+03
1.150000000000000000e+02,9.300000000000000000e+01,9.400000000000000000e+01,9.893617021276596146e-01,1.037904534606205289e+03
1.060000000000000000e+03,9.360000000000000000e+02,9.370000000000000000e+02,9.989327641408751735e-01,1.177320237750072465e+03
2.210000000000000000e+03,1.030000000000000000e+03,1.031000000000000000e+03,9.990300678952472868e-01,1.523754813600983198e+03
1.350000000000000000e+03,1.014000000000000000e+03,1.015000000000000000e+03,9.990147783251231983e-01,1.359311692613448258e+03
2.137000000000000000e+03,9.060000000000000000e+02,9.070000000000000000e+02,9.988974641675854027e-01,1.490955028680688429e+03
1.349000000000000000e+03,9.180000000000000000e+02,9.190000000000000000e+02,9.989118607181719511e-01,1.163186085437740985e+03
5.340000000000000000e+02,2.360000000000000000e+02,2.370000000000000000e+02,9.957805907172996296e-01,2.829565798263192846e+02
1.820000000000000000e+02,2.410000000000000000e+02,2.420000000000000000e+02,9.958677685950413361e-01,2.983411042944785549e+02
1.890000000000000000e+02,2.150000000000000000e+02,2.160000000000000000e+02,9.953703703703703498e-01,4.037529137529137415e+02
4.970000000000000000e+02,1.780000000000000000e+02,1.790000000000000000e+02,9.944134078212290007e-01,3.688885400313971559e+02
1.800000000000000000e+02,2.180000000000000000e+02,2.190000000000000000e+02,9.954337899543378443e-01,2.963653846153846416e+02
2.370000000000000000e+02,1.520000000000000000e+02,1.530000000000000000e+02,9.934640522875817226e-01,3.207203219315895240e+02
2.260000000000000000e+02,2.320000000000000000e+02,2.330000000000000000e+02,9.957081545064377925e-01,3.711562115621156295e+02
3.210000000000000000e+02,2.270000000000000000e+02,2.280000000000000000e+02,9.956140350877192846e-01,3.359076396807297442e+02
1.500000000000000000e+02,1.400000000000000000e+02,1.410000000000000000e+02,9.929078014184397061e-01,3.943971774193548185e+02
1.770000000000000000e+02,2.470000000000000000e+02,2.480000000000000000e+02,9.959677419354838745e-01,1.366624015748031411e+02
4.860000000000000000e+02,2.150000000000000000e+02,2.160000000000000000e+02,9.953703703703703498e-01,1.646686666666666667e+02
2.520000000000000000e+02,2.320000000000000000e+02,2.330000000000000000e+02,9.957081545064377925e-01,3.239676320272572525e+02
1.740000000000000000e+02,2.300000000000000000e+02,2.310000000000000000e+02,9.956709956709957066e-01,2.913795493934142087e+02
4.920000000000000000e+02,2.420000000000000000e+02,2.430000000000000000e+02,9.958847736625514591e-01,1.707233226837060727e+02
2.300000000000000000e+02,2.350000000000000000e+02,2.360000000000000000e+02,9.957627118644067910e-01,1.474495677233429376e+02
5.780000000000000000e+02,2.510000000000000000e+02,2.520000000000000000e+02,9.960317460317460458e-01,1.242418346073662292e+02
5.590000000000000000e+02,2.560000000000000000e+02,2.570000000000000000e+02,9.961089494163424263e-01,2.359071332436070065e+02
5.630000000000000000e+02,2.270000000000000000e+02,2.280000000000000000e+02,9.956140350877192846e-01,1.289888888888888800e+02
1.570000000000000000e+02,2.390000000000000000e+02,2.400000000000000000e+02,9.958333333333333481e-01,1.363412587412587413e+02
2.120000000000000000e+02,2.340000000000000000e+02,2.350000000000000000e+02,9.957446808510638236e-01,3.167938517179023279e+02
2.010000000000000000e+02,2.420000000000000000e+02,2.430000000000000000e+02,9.958847736625514591e-01,3.521734559789750278e+02
2.070000000000000000e+02,2.140000000000000000e+02,2.150000000000000000e+02,9.953488372093023395e-01,2.974437984496124159e+02
5.330000000000000000e+02,2.190000000000000000e+02,2.200000000000000000e+02,9.954545454545454808e-01,3.125319767441860677e+02
3.310000000000000000e+02,2.310000000000000000e+02,2.320000000000000000e+02,9.956896551724138122e-01,1.518351783517835258e+02
1.880000000000000000e+02,2.220000000000000000e+02,2.230000000000000000e+02,9.955156950672645610e-01,2.933518518518518476e+02
6.750000000000000000e+02,2.650000000000000000e+02,2.660000000000000000e+02,9.962406015037593709e-01,2.908913494809688700e+02
1.780000000000000000e+02,2.250000000000000000e+02,2.260000000000000000e+02,9.955752212389380462e-01,2.910081799591002323e+02
1.470000000000000000e+02,2.240000000000000000e+02,2.250000000000000000e+02,9.955555555555555269e-01,3.526121621621621784e+02
3.510000000000000000e+02,2.760000000000000000e+02,2.770000000000000000e+02,9.963898916967508512e-01,1.504056902002107563e+02
5.980000000000000000e+02,2.370000000000000000e+02,2.380000000000000000e+02,9.957983193277311074e-01,1.660607822410148060e+02
5.310000000000000000e+02,2.350000000000000000e+02,2.360000000000000000e+02,9.957627118644067910e-01,1.369538799414348489e+02
2.570000000000000000e+02,2.220000000000000000e+02,2.230000000000000000e+02,9.955156950672645610e-01,1.678435754189944191e+02
1.990000000000000000e+02,1.960000000000000000e+02,1.970000000000000000e+02,9.949238578680202894e-01,1.119953051643192481e+02
2.850000000000000000e+02,9.100000000000000000e+01,9.200000000000000000e+01,9.891304347826086474e-01,1.869166666666666572e+02
3.310000000000000000e+02,2.390000000000000000e+02,2.400000000000000000e+02,9.958333333333333481e-01,1.426156914893616943e+02
3.250000000000000000e+02,2.490000000000000000e+02,2.500000000000000000e+02,9.959999999999999964e-01,1.555557029177718960e+02
5.840000000000000000e+02,2.320000000000000000e+02,2.330000000000000000e+02,9.957081545064377925e-01,1.685604229607250772e+02
2.010000000000000000e+02,2.350000000000000000e+02,2.360000000000000000e+02,9.957627118644067910e-01,1.348686868686868650e+02
2.430000000000000000e+02,2.120000000000000000e+02,2.130000000000000000e+02,9.953051643192488696e-01,3.520886571056062735e+02
6.110000000000000000e+02,2.680000000000000000e+02,2.690000000000000000e+02,9.962825278810408802e-01,1.439261410788381852e+02
5.280000000000000000e+02,2.160000000000000000e+02,2.170000000000000000e+02,9.953917050691244439e-01,1.465425685425685458e+02
2.510000000000000000e+02,1.470000000000000000e+02,1.480000000000000000e+02,9.932432432432432012e-01,1.166244274809160260e+02
3.910000000000000000e+02,1.530000000000000000e+02,1.540000000000000000e+02,9.935064935064935598e-01,1.987354260089686022e+02
5.650000000000000000e+02,2.530000000000000000e+02,2.540000000000000000e+02,9.960629921259842590e-01,1.729518459069020935e+02
1.720000000000000000e+02,1.430000000000000000e+02,1.440000000000000000e+02,9.930555555555555802e-01,1.262935064935064986e+02
9.200000000000000000e+01,2.260000000000000000e+02,2.270000000000000000e+02,9.955947136563876310e-01,1.503875236294896069e+02
1.690000000000000000e+02,1.280000000000000000e+02,1.290000000000000000e+02,9.922480620155038622e-01,2.869169054441260869e+02
2.980000000000000000e+02,1.520000000000000000e+02,1.530000000000000000e+02,9.934640522875817226e-01,1.719850746268656678e+02
2.730000000000000000e+02,2.190000000000000000e+02,2.200000000000000000e+02,9.954545454545454808e-01,1.278428571428571416e+02
2.440000000000000000e+02,1.570000000000000000e+02,1.580000000000000000e+02,9.936708860759493334e-01,1.394606060606060680e+02
3.260000000000000000e+02,1.640000000000000000e+02,1.650000000000000000e+02,9.939393939393939004e-01,1.411898355754858017e+02
2.530000000000000000e+02,2.370000000000000000e+02,2.380000000000000000e+02,9.957983193277311074e-01,1.427121661721068335e+02
5.370000000000000000e+02,2.210000000000000000e+02,2.220000000000000000e+02,9.954954954954955415e-01,1.707399239543726139e+02
1.770000000000000000e+02,2.100000000000000000e+02,2.110000000000000000e+02,9.952606635071089558e-01,3.597586750788643712e+02
2.170000000000000000e+02,2.380000000000000000e+02,2.390000000000000000e+02,9.958158995815900028e-01,1.484965357967667501e+02
2.860000000000000000e+02,1.490000000000000000e+02,1.500000000000000000e+02,9.933333333333332904e-01,1.719977777777777703e+02
1.590000000000000000e+02,1.420000000000000000e+02,1.430000000000000000e+02,9.930069930069930217e-01,1.173385416666666714e+02
4.210000000000000000e+02,1.820000000000000000e+02,1.830000000000000000e+02,9.945355191256830540e-01,1.861068090787717040e+02
5.270000000000000000e+02,2.100000000000000000e+02,2.110000000000000000e+02,9.952606635071089558e-01,1.479777206512424925e+02
3.560000000000000000e+02,1.590000000000000000e+02,1.600000000000000000e+02,9.937500000000000222e-01,3.447363945578231323e+02
1.710000000000000000e+02,2.420000000000000000e+02,2.430000000000000000e+02,9.958847736625514591e-01,1.555250000000000057e+02
1.570000000000000000e+02,1.930000000000000000e+02,1.940000000000000000e+02,9.948453608247422864e-01,1.433882175226586071e+02
1.510000000000000000e+02,2.360000000000000000e+02,2.370000000000000000e+02,9.957805907172996296e-01,1.398520710059171677e+02
5.780000000000000000e+02,2.220000000000000000e+02,2.230000000000000000e+02,9.955156950672645610e-01,1.204689197344598739e+02
2.930000000000000000e+02,1.450000000000000000e+02,1.460000000000000000e+02,9.931506849315068219e-01,3.777185567010309342e+02
5.210000000000000000e+02,2.240000000000000000e+02,2.250000000000000000e+02,9.955555555555555269e-01,1.254670912951167736e+02
2.280000000000000000e+02,2.260000000000000000e+02,2.270000000000000000e+02,9.955947136563876310e-01,2.942581775700934372e+02
3.040000000000000000e+02,2.150000000000000000e+02,2.160000000000000000e+02,9.953703703703703498e-01,3.267879746835442916e+02
5.650000000000000000e+02,2.110000000000000000e+02,2.120000000000000000e+02,9.952830188679244738e-01,1.462290127602417726e+02
3.010000000000000000e+02,2.270000000000000000e+02,2.280000000000000000e+02,9.956140350877192846e-01,1.359844827586206861e+02
1.220000000000000000e+02,1.300000000000000000e+02,1.310000000000000000e+02,9.923664122137404453e-01,1.377010989010989022e+02
5.760000000000000000e+02,2.530000000000000000e+02,2.540000000000000000e+02,9.960629921259842590e-01,1.444461152882205397e+02
1.990000000000000000e+02,2.490000000000000000e+02,2.500000000000000000e+02,9.959999999999999964e-01,1.699446952595936864e+02
1.790000000000000000e+02,1.390000000000000000e+02,1.400000000000000000e+02,9.928571428571428825e-01,1.245999999999999943e+02
5.660000000000000000e+02,2.330000000000000000e+02,2.340000000000000000e+02,9.957264957264957417e-01,1.337256944444444571e+02
5.380000000000000000e+02,2.570000000000000000e+02,2.580000000000000000e+02,9.961240310077519311e-01,3.055392221489782401e+02
1.720000000000000000e+02,2.260000000000000000e+02,2.270000000000000000e+02,9.955947136563876310e-01,1.597275985663082452e+02
1.820000000000000000e+02,2.330000000000000000e+02,2.340000000000000000e+02,9.957264957264957417e-01,3.947046632124352072e+02
6.280000000000000000e+02,2.370000000000000000e+02,2.380000000000000000e+02,9.957983193277311074e-01,2.843385518590998231e+02
5.650000000000000000e+02,2.400000000000000000e+02,2.410000000000000000e+02,9.958506224066390189e-01,2.911590705987488832e+02
1.990000000000000000e+02,1.340000000000000000e+02,1.350000000000000000e+02,9.925925925925925819e-01,1.398967551622418739e+02
1.500000000000000000e+02,2.520000000000000000e+02,2.530000000000000000e+02,9.960474308300395485e-01,3.489301260022909332e+02
2.010000000000000000e+02,2.120000000000000000e+02,2.130000000000000000e+02,9.953051643192488696e-01,1.298215488215488165e+02
2.920000000000000000e+02,2.350000000000000000e+02,2.360000000000000000e+02,9.957627118644067910e-01,3.195024813895781790e+02
1.480000000000000000e+02,1.800000000000000000e+02,1.810000000000000000e+02,9.944751381215469754e-01,1.073081510934393634e+02
5.650000000000000000e+02,2.130000000000000000e+02,2.140000000000000000e+02,9.953271028037383727e-01,1.251465346534653520e+02
1.670000000000000000e+02,2.660000000000000000e+02,2.670000000000000000e+02,9.962546816479400658e-01,1.425905511811023700e+02
5.500000000000000000e+02,2.320000000000000000e+02,2.330000000000000000e+02,9.957081545064377925e-01,1.561826809015421134e+02
1.560000000000000000e+02,1.180000000000000000e+02,1.190000000000000000e+02,9.915966386554622147e-01,1.463018433179723559e+02
5.810000000000000000e+02,2.360000000000000000e+02,2.370000000000000000e+02,9.957805907172996296e-01,1.419687500000000000e+02
6.670000000000000000e+02,2.550000000000000000e+02,2.560000000000000000e+02,9.960937500000000000e-01,1.268852173913043515e+02
5.090000000000000000e+02,2.330000000000000000e+02,2.340000000000000000e+02,9.957264957264957417e-01,1.476948356807511686e+02
6.030000000000000000e+02,2.820000000000000000e+02,2.830000000000000000e+02,9.964664310954063353e-01,1.796271401395053999e+02
5.400000000000000000e+02,2.430000000000000000e+02,2.440000000000000000e+02,9.959016393442623460e-01,1.134455445544554522e+02
3.210000000000000000e+02,2.500000000000000000e+02,2.510000000000000000e+02,9.960159362549800832e-01,1.485490830636461794e+02
5.430000000000000000e+02,2.450000000000000000e+02,2.460000000000000000e+02,9.959349593495935293e-01,1.708013201320131884e+02
6.280000000000000000e+02,2.480000000000000000e+02,2.490000000000000000e+02,9.959839357429718376e-01,1.495164769322947791e+02
5.500000000000000000e+02,2.270000000000000000e+02,2.280000000000000000e+02,9.956140350877192846e-01,1.216709108716944172e+02
5.670000000000000000e+02,2.600000000000000000e+02,2.610000000000000000e+02,9.961685823754788949e-01,1.430388601036269449e+02
2.990000000000000000e+02,2.450000000000000000e+02,2.460000000000000000e+02,9.959349593495935293e-01,1.419422818791946383e+02
2.250000000000000000e+02,2.460000000000000000e+02,2.470000000000000000e+02,9.959514170040485448e-01,1.616134969325153463e+02
5.810000000000000000e+02,1.890000000000000000e+02,1.900000000000000000e+02,9.947368421052631415e-01,1.777408163265306200e+02
2.410000000000000000e+02,2.250000000000000000e+02,2.260000000000000000e+02,9.955752212389380462e-01,1.132918340026773762e+02
1.780000000000000000e+02,2.460000000000000000e+02,2.470000000000000000e+02,9.959514170040485448e-01,1.553178807947019777e+02
2.290000000000000000e+02,2.460000000000000000e+02,2.470000000000000000e+02,9.959514170040485448e-01,1.539055214723926497e+02
1.730000000000000000e+02,2.180000000000000000e+02,2.190000000000000000e+02,9.954337899543378443e-01,1.485998300764655937e+02
5.380000000000000000e+02,2.250000000000000000e+02,2.260000000000000000e+02,9.955752212389380462e-01,1.570092067988668418e+02
2.480000000000000000e+02,2.410000000000000000e+02,2.420000000000000000e+02,9.958677685950413361e-01,3.238598425196850599e+02
2.800000000000000000e+02,2.600000000000000000e+02,2.610000000000000000e+02,9.961685823754788949e-01,1.554090073529411882e+02
1.640000000000000000e+02,2.280000000000000000e+02,2.290000000000000000e+02,9.956331877729257540e-01,3.256979020979021016e+02
1.960000000000000000e+02,1.340000000000000000e+02,1.350000000000000000e+02,9.925925925925925819e-01,3.167676056338028161e+02
5.710000000000000000e+02,2.610000000000000000e+02,2.620000000000000000e+02,9.961832061068702782e-01,1.582522831050228262e+02
5.360000000000000000e+02,2.340000000000000000e+02,2.350000000000000000e+02,9.957446808510638236e-01,1.217534699272967629e+02
2.380000000000000000e+02,2.290000000000000000e+02,2.300000000000000000e+02,9.956521739130435034e-01,1.275971316818774426e+02
1.990000000000000000e+02,2.280000000000000000e+02,2.290000000000000000e+02,9.956331877729257540e-01,1.278419618528610329e+02
2.330000000000000000e+02,2.180000000000000000e+02,2.190000000000000000e+02,9.954337899543378443e-01,1.220586034912718247e+02
2.200000000000000000e+02,2.310000000000000000e+02,2.320000000000000000e+02,9.956896551724138122e-01,1.593533007334963258e+02
2.940000000000000000e+02,2.520000000000000000e+02,2.530000000000000000e+02,9.960474308300395485e-01,1.583790149892933528e+02
5.680000000000000000e+02,2.550000000000000000e+02,2.560000000000000000e+02,9.960937500000000000e-01,1.704678942398489028e+02
1.550000000000000000e+02,2.220000000000000000e+02,2.230000000000000000e+02,9.955156950672645610e-01,1.226059817945383656e+02
2.650000000000000000e+02,2.330000000000000000e+02,2.340000000000000000e+02,9.957264957264957417e-01,1.357881040892193312e+02
1.920000000000000000e+02,2.370000000000000000e+02,2.380000000000000000e+02,9.957983193277311074e-01,1.351514762516046346e+02
2.130000000000000000e+02,2.270000000000000000e+02,2.280000000000000000e+02,9.956140350877192846e-01,1.486653944020356164e+02
5.730000000000000000e+02,2.410000000000000000e+02,2.420000000000000000e+02,9.958677685950413361e-01,1.550487302676733066e+02
3.020000000000000000e+02,2.620000000000000000e+02,2.630000000000000000e+02,9.961977186311786747e-01,1.385291750503018022e+02
1.970000000000000000e+02,2.320000000000000000e+02,2.330000000000000000e+02,9.957081545064377925e-01,1.453866039952996516e+02
2.420000000000000000e+02,2.420000000000000000e+02,2.430000000000000000e+02,9.958847736625514591e-01,1.571107456140350962e+02
1.720000000000000000e+02,2.170000000000000000e+02,2.180000000000000000e+02,9.954128440366972752e-01,1.186319176319176307e+02
1.750000000000000000e+02,2.140000000000000000e+02,2.150000000000000000e+02,9.953488372093023395e-01,1.356837881219903750e+02
2.990000000000000000e+02,2.220000000000000000e+02,2.230000000000000000e+02,9.955156950672645610e-01,1.223388157894736850e+02
5.000000000000000000e+02,2.210000000000000000e+02,2.220000000000000000e+02,9.954954954954955415e-01,1.307038461538461434e+02
2.760000000000000000e+02,2.440000000000000000e+02,2.450000000000000000e+02,9.959183673469387266e-01,1.114126344086021447e+02
5.400000000000000000e+02,2.570000000000000000e+02,2.580000000000000000e+02,9.961240310077519311e-01,1.571038696537678163e+02
2.130000000000000000e+02,2.290000000000000000e+02,2.300000000000000000e+02,9.956521739130435034e-01,1.342704626334519560e+02
2.320000000000000000e+02,2.320000000000000000e+02,2.330000000000000000e+02,9.957081545064377925e-01,1.225908018867924483e+02
6.620000000000000000e+02,2.430000000000000000e+02,2.440000000000000000e+02,9.959016393442623460e-01,1.399494833524684338e+02
1.800000000000000000e+02,2.440000000000000000e+02,2.450000000000000000e+02,9.959183673469387266e-01,1.639739507959478999e+02
1.920000000000000000e+02,2.290000000000000000e+02,2.300000000000000000e+02,9.956521739130435034e-01,1.359085072231139577e+02
2.820000000000000000e+02,1.280000000000000000e+02,1.290000000000000000e+02,9.922480620155038622e-01,2.893900634249471295e+02
2.190000000000000000e+02,2.320000000000000000e+02,2.330000000000000000e+02,9.957081545064377925e-01,3.524851632047477779e+02
5.030000000000000000e+02,2.370000000000000000e+02,2.380000000000000000e+02,9.957983193277311074e-01,3.497842401500938081e+02
2.510000000000000000e+02,2.370000000000000000e+02,2.380000000000000000e+02,9.957983193277311074e-01,3.810724137931034647e+02
1.890000000000000000e+02,2.270000000000000000e+02,2.280000000000000000e+02,9.956140350877192846e-01,1.405691382765531046e+02
2.100000000000000000e+02,2.360000000000000000e+02,2.370000000000000000e+02,9.957805907172996296e-01,4.023501722158438838e+02
1.920000000000000000e+02,2.320000000000000000e+02,2.330000000000000000e+02,9.957081545064377925e-01,3.784230215827338384e+02
2.960000000000000000e+02,2.400000000000000000e+02,2.410000000000000000e+02,9.958506224066390189e-01,3.450473537604456737e+02
2.020000000000000000e+02,2.030000000000000000e+02,2.040000000000000000e+02,9.950980392156862919e-01,3.179390681003584405e+02
1.940000000000000000e+02,2.330000000000000000e+02,2.340000000000000000e+02,9.957264957264957417e-01,3.011526315789473642e+02
2.370000000000000000e+02,2.260000000000000000e+02,2.270000000000000000e+02,9.955947136563876310e-01,2.844525993883792125e+02
1.720000000000000000e+02,1.720000000000000000e+02,1.730000000000000000e+02,9.942196531791906988e-01,3.196507936507936734e+02
2.440000000000000000e+02,2.380000000000000000e+02,2.390000000000000000e+02,9.958158995815900028e-01,3.332540045766590424e+02
2.200000000000000000e+02,2.380000000000000000e+02,2.390000000000000000e+02,9.958158995815900028e-01,3.162880116959064480e+02
2.200000000000000000e+02,2.440000000000000000e+02,2.450000000000000000e+02,9.959183673469387266e-01,3.112560240963855449e+02
2.120000000000000000e+02,2.270000000000000000e+02,2.280000000000000000e+02,9.956140350877192846e-01,3.530106870229007541e+02
2.100000000000000000e+02,2.410000000000000000e+02,2.420000000000000000e+02,9.958677685950413361e-01,3.468454647256439216e+02
2.550000000000000000e+02,2.670000000000000000e+02,2.680000000000000000e+02,9.962686567164179552e-01,2.780889724310777069e+02
5.080000000000000000e+02,2.370000000000000000e+02,2.380000000000000000e+02,9.957983193277311074e-01,3.514071958880639386e+02
2.200000000000000000e+02,2.450000000000000000e+02,2.460000000000000000e+02,9.959349593495935293e-01,3.671601601601601601e+02
2.460000000000000000e+02,2.460000000000000000e+02,2.470000000000000000e+02,9.959514170040485448e-01,4.064637305699482113e+02
5.430000000000000000e+02,2.360000000000000000e+02,2.370000000000000000e+02,9.957805907172996296e-01,3.022984330484330258e+02
2.270000000000000000e+02,2.430000000000000000e+02,2.440000000000000000e+02,9.959016393442623460e-01,1.382076749435665874e+02
2.380000000000000000e+02,2.220000000000000000e+02,2.230000000000000000e+02,9.955156950672645610e-01,3.842613240418118608e+02
2.770000000000000000e+02,2.280000000000000000e+02,2.290000000000000000e+02,9.956331877729257540e-01,3.245577596266044225e+02
2.190000000000000000e+02,2.440000000000000000e+02,2.450000000000000000e+02,9.959183673469387266e-01,2.690559999999999832e+02
